{
    "PackageData": {
        "PackageID": 86150321,
        "Name": "Test V10 Multi Chapter",
        "PackageVersion": 1,
        "EngineVersion": 4,
        "MinimumResolution": "ldpi",
        "MaximumResolution": "xxxhdpi"
    },
    "Desktop": {
        "SmallIcon": "icons/small.png",
        "MediumIcon": "icons/medium.png",
        "BigIcon": "icons/big.png",
        "Duration": "00:00:37"
    },

     "Chapters" : [
           {"FileName" : "chapter1.json"},
           {"FileName" : "chapter2.json"}
      ]


}