[
   {
      "name" : "frame_6",
      "duration" : "00:00:01",  
      "images": [
        {"file":"resources/six.png", "pos_x" : "60", "pos_y" : "40"}
       ]
   },

   {
      "name" : "frame_7",
      "duration" : "00:00:01",  
      "images": [
        {"file":"resources/seven.png", "pos_x" : "60", "pos_y" : "40"}
       ]
   },

   {
      "name" : "frame_8",
      "duration" : "00:00:01",  
      "images": [
        {"file":"resources/eight.png", "pos_x" : "60", "pos_y" : "40"}
       ]
   },
    
   {
      "name" : "frame_9",
      "duration" : "00:00:01",
      "images": [
        {"file":"resources/nine.png", "pos_x" : "60", "pos_y" : "40"}
       ]
   },

   {
      "name" : "frame_10",
      "duration" : "00:00:01",  
      "images": [
        {"file":"resources/one.png", "pos_x" : "20", "pos_y" : "40"},
        {"file":"resources/zero.png", "pos_x" : "80", "pos_y" : "40"}
       ]
   }

 
]
