[
 {
      "name" : "frame_11",
      "duration" : "00:00:01",  
      "images": [
        {"file":"resources/one.png", "pos_x" : "20", "pos_y" : "40"},
        {"file":"resources/one.png", "pos_x" : "80", "pos_y" : "40"}
       ]
  },

  {
      "name" : "frame_12",
      "duration" : "00:00:01",  
      "images": [
        {"file":"resources/one.png", "pos_x" : "20", "pos_y" : "40"},
        {"file":"resources/two.png", "pos_x" : "80", "pos_y" : "40"}
       ]
  },

  {
      "name" : "frame_13",
      "duration" : "00:00:01",  
      "images": [
        {"file":"resources/one.png", "pos_x" : "20", "pos_y" : "40"},
        {"file":"resources/three.png", "pos_x" : "80", "pos_y" : "40"}
       ]
  },
   
  {
      "name" : "frame_14",
      "duration" : "00:00:01",  
      "images": [
        {"file":"resources/one.png", "pos_x" : "20", "pos_y" : "40"},
        {"file":"resources/four.png", "pos_x" : "80", "pos_y" : "40"}
       ]
  },

  {
      "name" : "frame_15",
      "duration" : "00:00:01",
      "images": [
        {"file":"resources/one.png", "pos_x" : "20", "pos_y" : "40"},
        {"file":"resources/five.png", "pos_x" : "80", "pos_y" : "40"}
       ]
  }

]